Order,Product_name,Release_date,First_appearance,Grade,MSRP
1,Full Armor Gundam,2013-12-28,Mobile Suit Gundam Thunderbolt,HG,2970
2,GM,2013-12-01,Mobile Suit Gundam Thunderbolt,HG,1980
3,Zaku II + Big Gun Set,2013-12-28,Mobile Suit Gundam Thunderbolt,HG,4180
4,Zaku II,2014-02-28,Mobile Suit Gundam Thunderbolt,HG,1980
5,Psycho Zaku,2014-02-01,Mobile Suit Gundam Thunderbolt,HG,2970
6,Zaku I,2014-06-01,Mobile Suit Gundam Thunderbolt,HG,1980
7,Full Armor Gundam (Animation Version),2016-04-09,Mobile Suit Gundam Thunderbolt,HG,2970
8,Zaku II + Big Gun Set (Animation Version),2016-04-01,Mobile Suit Gundam Thunderbolt,HG,4180
9,Psycho Zaku (Animation Version),2016-05-01,Mobile Suit Gundam Thunderbolt,HG,2970
10,GM (Animation Version),2016-05-01,Mobile Suit Gundam Thunderbolt,HG,1980
11,Zaku I (Animation Version),2016-06-01,Mobile Suit Gundam Thunderbolt,HG,1980
12,Atlas Gundam,2017-03-01,Mobile Suit Gundam Thunderbolt,HG,2530
13,Gundam Ground Type-S,2017-05-01,Mobile Suit Gundam Thunderbolt,HG,1980
