Grade	Scale	Full_name
SD	Non-scale	Super Deformed
HG	1/144	High Grade
RG	1/144	Real Grade
MG	1/100	Master Grade
PG	1/60	Perfect Grade
SDBB	Non-scale	SD BB Senshi
SDEX	Non-scale	SD EX-Standard
SDCS	Non-scale	SD Cross Silhouette
SDGG	Non-scale	SD Gundam Generation
NG	1/100	No Grade
AG	1/144	Advanced Grade
FM	1/100	Full Mechanics
RE/100	1/100	Reborn-One Hundred
EG	1/144	Entry Grade
Mega Size Model	1/48	Mega Size Model
MGSD	Non-scale	Master Grade Super Deformed
MGEX	1/100	Master Grade Extreme
PGU	1/60	Perfect Grade Unleashed
